Workbook

Sheet Respuestas de formulario 1
A1: Marca temporal | B1: NOMBRE COMPLETO | C1: RU | D1: UNIDAD ACADÉMICA | E1: FACULTAD | F1: CARRERA | G1: Dispositivo que usas PRINCIPALMENTE para estudiar: | H1: ¿Quién cubre el costo de tu conexión a internet? | I1: Tipo de conexión que usas con más frecuencia: | J1: ¿Cuentas con un espacio tranquilo en casa para estudiar en línea? | K1: ¿Has utilizado plataformas virtuales (Moodle, Classroom, etc.) en este año académico? | L1: Frecuencia de acceso a plataformas: | M1: Plataformas que has utilizado (marca hasta 3): | N1: Actividad que realizas CON MÁS FRECUENCIA en plataformas: | O1: Calidad percibida de tu conexión para actividades académicas | P1: ¿Con qué frecuencia experimentas interrupciones durante clases/trabajo en línea? | Q1: Limitaciones técnicas que has enfrentado (marca hasta 3): | R1: ¿Qué mejora priorizarías para la educación virtual en Cobija?
A2: 46174.486 | B2: Keimy Karely Gonzales Amutari | C2: 34785 | D2: UAP | E2: ACyT | F2: Ing. de Sistemas | G2: Celular propio | H2: Familia | I2: wifi en casa | J2: Aveces | K2: SI | L2: Aveces | M2: Moodle, Google Classroom, Zoom/Google Meet | N2: Entregar tareas | O2: Regular | P2: Aveces | Q2: Caídas frecuentes de plataforma, Lentitud para cargar contenidos, Dificultad para subir archivos/tareas | R2: Mejor conexión a internet
A3: 46174.487 | B3: Ana Erika Alcon Vacaflor | C3: 35542 | D3: UAP | E3: ACyT | F3: Ing. de Sistemas | G3: Celular propio, Laptop propia | H3: Familia | I3: wifi en casa | J3: Aveces | K3: SI | L3: Aveces | M3: Moodle, Google Classroom, Zoom/Google Meet | N3: Presentar evaluaciones | O3: Regular | P3: Raramente | Q3: Lentitud para cargar contenidos | R3: Capacitación en uso de plataformas
A4: 46175.411 | B4: Carlos Andres Vera Terrazas | C4: 45699 | D4: UAP | E4: ACyT | F4: Ing. de Sistemas | G4: Celular propio, Laptop propia | H4: Familia | I4: wifi en casa | J4: Aveces | K4: SI | L4: Diaria | M4: Moodle, Google Classroom, Zoom/Google Meet, WhatsApp educativo | N4: Descargar materiales, Entregar tareas | O4: Buena | P4: Aveces | Q4: Lentitud para cargar contenidos, Dificultad para subir archivos/tareas | R4: Mejor conexión a internet, Capacitación en uso de plataformas
A5: 46175.411 | B5: Alejandro Eiguana Pedraza | C5: 42645 | D5: UAP | E5: ACyT | F5: Ing. de Sistemas | G5: Celular propio, Laptop propia | H5: Familia | I5: Datos moviles, wifi en casa | J5: Aveces | K5: SI | L5: Aveces | M5: Moodle, Google Classroom | N5: Entregar tareas | O5: Regular | P5: Aveces | Q5: Dificultad para subir archivos/tareas, Problemas de audio/video en vivo, Incompatibilidad con mi dispositivo | R5: Mejor conexión a internet
A6: 46175.411 | B6: Javier Alexis Cahuana Zabala | C6: 42784 | D6: UAP | E6: ACyT | F6: Ing. de Sistemas | G6: Laptop propia | H6: Familia | I6: wifi en casa | J6: Sí, siempre | K6: SI | L6: Diaria | M6: Moodle, Google Classroom, Zoom/Google Meet | N6: Descargar materiales, Entregar tareas, Presentar evaluaciones | O6: Buena | P6: Aveces | Q6: Caídas frecuentes de plataforma, Lentitud para cargar contenidos, Dificultad para subir archivos/tareas | R6: Mejor conexión a internet, Equipos accesibles para estudiantes
A7: 46175.411 | B7: Pedro José Yoamona bravo | C7: 46102 | D7: UAP | E7: ACyT | F7: Ingeniería Biomedica | G7: Celular propio | H7: Yo mismo | I7: Datos moviles | J7: Aveces | K7: SI | L7: Aveces | M7: Moodle, Google Classroom, Zoom/Google Meet | N7: Entregar tareas | O7: Muy mala | P7: Frecuentemente | Q7: Caídas frecuentes de plataforma, Lentitud para cargar contenidos, Dificultad para subir archivos/tareas, Problemas de audio/video en vivo, Incompatibilidad con mi dispositivo, Falta de soporte cuando hay problemas | R7: Mejor conexión a internet
A8: 46175.411 | B8: Brandoly Cuellar sainz | C8: 47186 | D8: UAP | E8: ACyT | F8: Ingeniería Biomedica | G8: Celular propio, Equipo de la Institución | H8: Familia | I8: wifi en casa | J8: Nunca | K8: SI | L8: Aveces | M8: Google Classroom, Zoom/Google Meet | N8: Descargar materiales, Entregar tareas | O8: Regular | P8: Aveces | Q8: Caídas frecuentes de plataforma, Lentitud para cargar contenidos, Dificultad para subir archivos/tareas | R8: Mejor conexión a internet, Capacitación en uso de plataformas, Contenidos mejor adaptados a modalidad virtual
A9: 46175.412 | B9: Ana Mayerli Alcon Vacaflor | C9: 47196 | D9: UAP | E9: ACyT | F9: Ingeniería Biomedica | G9: Celular propio | H9: Familia | I9: wifi en casa | J9: Aveces | K9: SI | L9: Aveces | M9: Moodle, Google Classroom, Zoom/Google Meet | N9: Entregar tareas, Presentar evaluaciones, Videoconferencias | O9: Regular | P9: Frecuentemente | Q9: Caídas frecuentes de plataforma, Lentitud para cargar contenidos, Problemas de audio/video en vivo | R9: Mejor conexión a internet
A10: 46175.413 | B10: Diosmar Ronald Flores Bohorquez | C10: 47353 | D10: UAP | E10: ACyT | F10: Ingeniería Biomedica | G10: Celular propio | H10: no tengo acceso constante | I10: Datos moviles | J10: Aveces | K10: Aveces | L10: Aveces | M10: Google Classroom, Zoom/Google Meet, WhatsApp educativo | N10: Entregar tareas, Presentar evaluaciones, Videoconferencias | O10: Muy mala | P10: Aveces | Q10: Caídas frecuentes de plataforma, Lentitud para cargar contenidos, Problemas de audio/video en vivo | R10: Mejor conexión a internet, Equipos accesibles para estudiantes, Soporte técnico más ágil
A11: 46175.415 | B11: Richnan Rafael | C11: 45669 | D11: UAP | E11: ACyT | F11: Ing. de Sistemas | G11: Celular propio, Laptop propia | H11: Yo mismo | I11: Datos moviles | J11: Aveces | K11: SI | L11: Aveces | M11: Zoom/Google Meet | N11: Entregar tareas, Presentar evaluaciones, Videoconferencias | O11: Regular | P11: Aveces | Q11: Caídas frecuentes de plataforma, Lentitud para cargar contenidos, Problemas de audio/video en vivo | R11: Mejor conexión a internet, Contenidos mejor adaptados a modalidad virtual
A12: 46175.416 | B12: Joissy Jiménez Hurtado | C12: 46235 | D12: UAP | E12: ACyT | F12: Ingeniería Biomedica | G12: Celular propio | H12: Familia | I12: Datos moviles | J12: Aveces | K12: SI | L12: Diaria | M12: Moodle, Google Classroom, Zoom/Google Meet | N12: Descargar materiales, Entregar tareas, Presentar evaluaciones | O12: Buena | P12: Aveces | Q12: Caídas frecuentes de plataforma, Lentitud para cargar contenidos, Incompatibilidad con mi dispositivo, Falta de soporte cuando hay problemas | R12: Mejor conexión a internet, Capacitación en uso de plataformas, Equipos accesibles para estudiantes, Contenidos mejor adaptados a modalidad virtual
A13: 46175.416 | B13: Edgar Miranda Inuma | C13: 19384 | D13: UAP | E13: ACyT | F13: Ing. de Sistemas | G13: Laptop propia | H13: Familia | I13: wifi en casa | J13: Sí, siempre | K13: SI | L13: Diaria | M13: Google Classroom, Zoom/Google Meet, WhatsApp educativo | N13: Descargar materiales, Entregar tareas, Participar en foros | O13: Regular | P13: Aveces | Q13: Ninguna de las anteriores | R13: Capacitación en uso de plataformas
... A174: 46183.823 | B174: Meily Fernández Endara | C174: 46682 | D174: UAP | E174: ACSyH | F174: Psicología | G174: Celular propio | H174: Yo mismo | I174: Datos moviles | J174: Aveces | K174: SI | L174: Aveces | M174: Google Classroom, Zoom/Google Meet, WhatsApp educativo | N174: Entregar tareas | O174: Mala | P174: Siempre | Q174: Lentitud para cargar contenidos, Dificultad para subir archivos/tareas, Problemas de audio/video en vivo, Incompatibilidad con mi dispositivo | R174: Mejor conexión a internet, Capacitación en uso de plataformas, Equipos accesibles para estudiantes

Sheet Tabulacion
A1: Dispositivos | B1: Frecuencia | C1: Porcentaje | E1: Responsable | F1: Frecuencia | G1: Porcentaje | I1: Tipo de conexión | J1: Frecuecia | K1: Porcentaje | M1: Espacio de estudio | N1: Frecuencia | O1: Porcentaje
A2: Celular Propio | B2: =COUNTIF('Respuestas de formulario 1'!G:G,"*Celular propio*") -> 156 | C2: =B2/SUM($B$2:$B$5) -> 0.6473029 | E2: Familia | F2: =COUNTIF('Respuestas de formulario 1'!H:H,"*Familia*") -> 80 | G2: =F2/SUM($F$2:$F$5) -> 0.46242775 | I2: Datos moviles | J2: =COUNTIF('Respuestas de formulario 1'!I:I,"*Datos*") -> 92 | K2: =J2/SUM($J$2:$J$5) -> 0.37096774 | M2: Si, siempre | N2: =COUNTIF('Respuestas de formulario 1'!J:J,"Sí, siempre") -> 62 | O2: =N2/SUM($N$2:$N$4) -> 0.3583815
A3: Laptop Propia | B3: =COUNTIF('Respuestas de formulario 1'!G:G,"*Laptop propia*") -> 65 | C3: =B3/SUM($B$2:$B$5) -> 0.26970954 | E3: Yo mismo | F3: =COUNTIF('Respuestas de formulario 1'!H:H,"*Yo mismo*") -> 78 | G3: =F3/SUM($F$2:$F$5) -> 0.45086705 | I3: Wifi en casa | J3: =COUNTIF('Respuestas de formulario 1'!I:I,"*wifi en casa*") -> 115 | K3: =J3/SUM($J$2:$J$5) -> 0.46370968 | M3: Aveces | N3: =COUNTIF('Respuestas de formulario 1'!J:J,"Aveces") -> 101 | O3: =N3/SUM($N$2:$N$4) -> 0.58381503
A4: Pc de casa | B4: =COUNTIF('Respuestas de formulario 1'!G:G,"*PC de casa*") -> 12 | C4: =B4/SUM($B$2:$B$5) -> 0.049792531 | E4: Beca/apoyo institucional | F4: =COUNTIF('Respuestas de formulario 1'!H:H,"*Beca/apoyo institucional*") -> 2 | G4: =F4/SUM($F$2:$F$5) -> 0.011560694 | I4: Wifi de institucion | J4: =COUNTIF('Respuestas de formulario 1'!I:I,"*institución*") -> 33 | K4: =J4/SUM($J$2:$J$5) -> 0.13306452 | M4: Nunca | N4: =COUNTIF('Respuestas de formulario 1'!J:J,"Nunca") -> 10 | O4: =N4/SUM($N$2:$N$4) -> 0.057803468
A5: Equipo de la Institucion | B5: =COUNTIF('Respuestas de formulario 1'!G:G,"*Equipo de la Institución*") -> 8 | C5: =B5/SUM($B$2:$B$5) -> 0.033195021 | E5: No tengo acceso constante | F5: =COUNTIF('Respuestas de formulario 1'!H:H,"*no tengo acceso constante*") -> 13 | G5: =F5/SUM($F$2:$F$5) -> 0.075144509 | I5: Wifi pública | J5: =COUNTIF('Respuestas de formulario 1'!I:I,"*pública*") -> 8 | K5: =J5/SUM($J$2:$J$5) -> 0.032258065
A27: Facultad | B27: Frecuencia | C27: Porcentaje | E27: Limitaciones técnicas | F27: Frecuencia | G27: Porcentaje | I27: Calidad de conexión | J27: Frecuecia | K27: Porcentaje | M27: Frecuencia de interrupciones | N27: Frecuencia | O27: Porcentaje
A28: ACyT | B28: =COUNTIF('Respuestas de formulario 1'!E:E,"ACyT") -> 123 | C28: =B28/SUM($B$28:$B$32) -> 0.71098266 | E28: Caídas frecuentes de plataforma | F28: =COUNTIF('Respuestas de formulario 1'!Q:Q,"*Caídas frecuentes de plataforma*") -> 71 | G28: =F28/SUM($F$28:$F$34) -> 0.16666667 | I28: Exelente | J28: =COUNTIF('Respuestas de formulario 1'!O:O,"Exelente") -> 6 | K28: =J28/SUM($J$28:$J$32) -> 0.034682081 | M28: Nunca | N28: =COUNTIF('Respuestas de formulario 1'!P:P,"Nunca") -> 5 | O28: =N28/SUM($N$28:$N$32) -> 0.028901734
A29: ACSyH | B29: =COUNTIF('Respuestas de formulario 1'!E:E,"ACSyH") -> 47 | C29: =B29/SUM($B$28:$B$32) -> 0.2716763 | E29: Lentitud para cargar contenidos | F29: =COUNTIF('Respuestas de formulario 1'!Q:Q,"*Lentitud para cargar contenidos*") -> 115 | G29: =F29/SUM($F$28:$F$34) -> 0.26995305 | I29: Buena | J29: =COUNTIF('Respuestas de formulario 1'!O:O,"Buena") -> 39 | K29: =J29/SUM($J$28:$J$32) -> 0.22543353 | M29: Raramente | N29: =COUNTIF('Respuestas de formulario 1'!P:P,"Raramente") -> 46 | O29: =N29/SUM($N$28:$N$32) -> 0.26589595
A30: ACPyJ | B30: =COUNTIF('Respuestas de formulario 1'!E:E,"ACPyJ") -> 1 | C30: =B30/SUM($B$28:$B$32) -> 0.0057803468 | E30: Dificultad para subir archivos/tareas | F30: =COUNTIF('Respuestas de formulario 1'!Q:Q,"*Dificultad para subir archivos/tareas*") -> 88 | G30: =F30/SUM($F$28:$F$34) -> 0.20657277 | I30: Regular | J30: =COUNTIF('Respuestas de formulario 1'!O:O,"Regular") -> 101 | K30: =J30/SUM($J$28:$J$32) -> 0.58381503 | M30: Aveces | N30: =COUNTIF('Respuestas de formulario 1'!P:P,"Aveces") -> 90 | O30: =N30/SUM($N$28:$N$32) -> 0.52023121
A31: ACBN | B31: =COUNTIF('Respuestas de formulario 1'!E:E,"ACBN") -> 1 | C31: =B31/SUM($B$28:$B$32) -> 0.0057803468 | E31: Problemas de audio/video en vivo | F31: =COUNTIF('Respuestas de formulario 1'!Q:Q,"*Problemas de audio/video en vivo*") -> 80 | G31: =F31/SUM($F$28:$F$34) -> 0.18779343 | I31: Mala | J31: =COUNTIF('Respuestas de formulario 1'!O:O,"Mala") -> 14 | K31: =J31/SUM($J$28:$J$32) -> 0.080924855 | M31: Frecuentemente | N31: =COUNTIF('Respuestas de formulario 1'!P:P,"Frecuentemente") -> 23 | O31: =N31/SUM($N$28:$N$32) -> 0.13294798
A32: ACS | B32: =COUNTIF('Respuestas de formulario 1'!E:E,"ACS") -> 1 | C32: =B32/SUM($B$28:$B$32) -> 0.0057803468 | E32: Incompatibilidad con mi dispositivo | F32: =COUNTIF('Respuestas de formulario 1'!Q:Q,"*Incompatibilidad con mi dispositivo*") -> 22 | G32: =F32/SUM($F$28:$F$34) -> 0.051643192 | I32: Muy mala | J32: =COUNTIF('Respuestas de formulario 1'!O:O,"Muy mala") -> 13 | K32: =J32/SUM($J$28:$J$32) -> 0.075144509 | M32: Siempre | N32: =COUNTIF('Respuestas de formulario 1'!P:P,"Siempre") -> 9 | O32: =N32/SUM($N$28:$N$32) -> 0.052023121
E33: Falta de soporte cuando hay problemas | F33: =COUNTIF('Respuestas de formulario 1'!Q:Q,"*Falta de soporte cuando hay problemas*") -> 33 | G33: =F33/SUM($F$28:$F$34) -> 0.077464789
E34: Ninguna de las anteriores | F34: =COUNTIF('Respuestas de formulario 1'!Q:Q,"*Ninguna de las anteriores*") -> 17 | G34: =F34/SUM($F$28:$F$34) -> 0.039906103

Sheet Dashboard
A1: INFRAESTRUCTURA TECNOLOGICA 2026
